sample_n_layer,sample_embed_dim,sample_layer_indices,sample_n_head,sample_mlp_ratio,sample_bias
22,256,"[0, 1, 2, 3, 4, 5, 6, 7, 8, 9, 10, 11, 12, 13, 14, 15, 16, 17, 18, 19, 20, 21]","[8, 8, 8, 8, 8, 8, 8, 8, 8, 8, 8, 8, 8, 8, 8, 8, 8, 8, 8, 8, 8, 8]","[2, 2, 2, 2, 2, 2, 2, 2, 2, 2, 2, 2, 2, 2, 2, 2, 2, 2, 2, 2, 2, 2]",True
24,512,"[0, 1, 2, 3, 4, 5, 6, 7, 8, 9, 10, 11, 12, 13, 14, 15, 16, 17, 18, 19, 20, 21, 22, 23]","[12, 12, 12, 12, 12, 12, 12, 12, 12, 12, 12, 12, 12, 12, 12, 12, 12, 12, 12, 12, 12, 12, 12, 12]","[3, 3, 3, 3, 3, 3, 3, 3, 3, 3, 3, 3, 3, 3, 3, 3, 3, 3, 3, 3, 3, 3, 3, 3]",False
23,1024,"[0, 1, 2, 3, 4, 5, 6, 7, 8, 9, 10, 11, 12, 13, 14, 15, 16, 17, 18, 19, 20, 21, 22]","[16, 16, 16, 16, 16, 16, 16, 16, 16, 16, 16, 16, 16, 16, 16, 16, 16, 16, 16, 16, 16, 16, 16]","[4, 4, 4, 4, 4, 4, 4, 4, 4, 4, 4, 4, 4, 4, 4, 4, 4, 4, 4, 4, 4, 4, 4]",True
22,512,"[0, 1, 2, 3, 4, 5, 6, 7, 8, 9, 10, 11, 12, 13, 14, 15, 16, 17, 18, 19, 20, 21]","[12, 8, 12, 8, 12, 8, 12, 8, 12, 8, 12, 8, 12, 8, 12, 8, 12, 8, 12, 8, 12, 8]","[3, 2, 3, 2, 3, 2, 3, 2, 3, 2, 3, 2, 3, 2, 3, 2, 3, 2, 3, 2, 3, 2]",False
24,256,"[0, 1, 2, 3, 4, 5, 6, 7, 8, 9, 10, 11, 12, 13, 14, 15, 16, 17, 18, 19, 20, 21, 22, 23]","[8, 16, 8, 16, 8, 16, 8, 16, 8, 16, 8, 16, 8, 16, 8, 16, 8, 16, 8, 16, 8, 16, 8, 16]","[2, 4, 2, 4, 2, 4, 2, 4, 2, 4, 2, 4, 2, 4, 2, 4, 2, 4, 2, 4, 2, 4, 2, 4]",True
23,512,"[0, 1, 2, 3, 4, 5, 6, 7, 8, 9, 10, 11, 12, 13, 14, 15, 16, 17, 18, 19, 20, 21, 22]","[12, 12, 12, 12, 12, 12, 12, 12, 12, 12, 12, 12, 12, 12, 12, 12, 12, 12, 12, 12, 12, 12, 12]","[3, 3, 3, 3, 3, 3, 3, 3, 3, 3, 3, 3, 3, 3, 3, 3, 3, 3, 3, 3, 3, 3, 3]",True
22,1024,"[0, 1, 2, 3, 4, 5, 6, 7, 8, 9, 10, 11, 12, 13, 14, 15, 16, 17, 18, 19, 20, 21]","[16, 16, 16, 16, 16, 16, 16, 16, 16, 16, 16, 16, 16, 16, 16, 16, 16, 16, 16, 16, 16, 16]","[4, 4, 4, 4, 4, 4, 4, 4, 4, 4, 4, 4, 4, 4, 4, 4, 4, 4, 4, 4, 4, 4]",False
24,256,"[0, 1, 2, 3, 4, 5, 6, 7, 8, 9, 10, 11, 12, 13, 14, 15, 16, 17, 18, 19, 20, 21, 22, 23]","[8, 8, 8, 8, 8, 8, 8, 8, 8, 8, 8, 8, 8, 8, 8, 8, 8, 8, 8, 8, 8, 8, 8, 8]","[2, 2, 2, 2, 2, 2, 2, 2, 2, 2, 2, 2, 2, 2, 2, 2, 2, 2, 2, 2, 2, 2, 2, 2]",False
22,256,"[0, 1, 2, 3, 4, 5, 6, 7, 8, 9, 10, 11, 12, 13, 14, 15, 16, 17, 18, 19, 20, 21]","[8, 8, 8, 8, 8, 8, 8, 8, 8, 8, 8, 8, 8, 8, 8, 8, 8, 8, 8, 8, 8, 8]","[2, 2, 2, 2, 2, 2, 2, 2, 2, 2, 2, 2, 2, 2, 2, 2, 2, 2, 2, 2, 2, 2]",False
24,512,"[0, 1, 2, 3, 4, 5, 6, 7, 8, 9, 10, 11, 12, 13, 14, 15, 16, 17, 18, 19, 20, 21, 22, 23]","[12, 12, 12, 12, 12, 12, 12, 12, 12, 12, 12, 12, 12, 12, 12, 12, 12, 12, 12, 12, 12, 12, 12, 12]","[3, 3, 3, 3, 3, 3, 3, 3, 3, 3, 3, 3, 3, 3, 3, 3, 3, 3, 3, 3, 3, 3, 3, 3]",True
23,256,"[0, 1, 2, 3, 4, 5, 6, 7, 8, 9, 10, 11, 12, 13, 14, 15, 16, 17, 18, 19, 20, 21, 22]","[8, 12, 8, 12, 8, 12, 8, 12, 8, 12, 8, 12, 8, 12, 8, 12, 8, 12, 8, 12, 8, 12, 8]","[2, 3, 2, 3, 2, 3, 2, 3, 2, 3, 2, 3, 2, 3, 2, 3, 2, 3, 2, 3, 2, 3, 2]",True
23,512,"[0, 1, 2, 3, 4, 5, 6, 7, 8, 9, 10, 11, 12, 13, 14, 15, 16, 17, 18, 19, 20, 21, 22]","[12, 12, 12, 12, 12, 12, 12, 12, 12, 12, 12, 12, 12, 12, 12, 12, 12, 12, 12, 12, 12, 12, 12]","[3, 3, 3, 2, 3, 2, 3, 2, 3, 2, 3, 2, 3, 2, 3, 2, 3, 2, 3, 2, 3, 2, 3]",False
22,1024,"[0, 1, 2, 3, 4, 5, 6, 7, 8, 9, 10, 11, 12, 13, 14, 15, 16, 17, 18, 19, 20, 21]","[16, 16, 16, 16, 16, 16, 16, 16, 16, 16, 16, 16, 16, 16, 16, 16, 16, 16, 16, 16, 16, 16]","[4, 4, 4, 4, 4, 3, 4, 3, 4, 3, 4, 3, 4, 3, 4, 3, 4, 3, 4, 3, 4, 4]",True
24,256,"[0, 1, 2, 3, 4, 5, 6, 7, 8, 9, 10, 11, 12, 13, 14, 15, 16, 17, 18, 19, 20, 21, 22, 23]","[8, 8, 8, 8, 8, 8, 8, 8, 8, 8, 8, 8, 8, 8, 8, 8, 8, 8, 8, 8, 8, 8, 8, 8]","[2, 2, 2, 2, 2, 2, 2, 2, 2, 2, 2, 2, 2, 2, 2, 2, 2, 2, 2, 2, 2, 2, 2, 2]",True
23,512,"[0, 1, 2, 3, 4, 5, 6, 7, 8, 9, 10, 11, 12, 13, 14, 15, 16, 17, 18, 19, 20, 21, 22]","[12, 12, 12, 12, 12, 12, 12, 12, 12, 12, 12, 12, 12, 12, 12, 12, 12, 12, 12, 12, 12, 12, 12]","[3, 3, 3, 3, 3, 2, 2, 2, 3, 3, 3, 3, 2, 2, 2, 2, 3, 3, 3, 3, 2, 2, 2]",True
22,1024,"[0, 1, 2, 3, 4, 5, 6, 7, 8, 9, 10, 11, 12, 13, 14, 15, 16, 17, 18, 19, 20, 21]","[16, 16, 16, 16, 16, 16, 16, 16, 16, 16, 16, 16, 16, 16, 16, 16, 16, 16, 16, 16, 16, 16]","[4, 4, 4, 4, 3, 3, 3, 3, 4, 4, 4, 4, 3, 3, 3, 3, 4, 4, 4, 4, 3, 3]",False
23,512,"[0, 1, 2, 3, 4, 5, 6, 7, 8, 9, 10, 11, 12, 13, 14, 15, 16, 17, 18, 19, 20, 21, 22]","[12, 12, 8, 8, 12, 12, 8, 8, 12, 12, 8, 8, 12, 12, 8, 8, 12, 12, 8, 8, 12, 12, 8]","[3, 3, 2, 2, 3, 3, 2, 2, 3, 3, 2, 2, 3, 3, 2, 2, 3, 3, 2, 2, 3, 3, 2]",True
22,256,"[0, 1, 2, 3, 4, 5, 6, 7, 8, 9, 10, 11, 12, 13, 14, 15, 16, 17, 18, 19, 20, 21]","[8, 12, 8, 12, 8, 12, 8, 12, 8, 12, 8, 12, 8, 12, 8, 12, 8, 12, 8, 12, 8, 12]","[2, 3, 2, 3, 2, 3, 2, 3, 2, 3, 2, 3, 2, 3, 2, 3, 2, 3, 2, 3, 2, 3]",True
24,512,"[0, 1, 2, 3, 4, 5, 6, 7, 8, 9, 10, 11, 12, 13, 14, 15, 16, 17, 18, 19, 20, 21, 22, 23]","[12, 12, 16, 16, 12, 12, 16, 16, 12, 12, 16, 16, 12, 12, 16, 16, 12, 12, 16, 16, 12, 12, 16, 16]","[3, 3, 4, 4, 3, 3, 4, 4, 3, 3, 4, 4, 3, 3, 4, 4, 3, 3, 4, 4, 3, 3, 4, 4]",False
22,1024,"[0, 1, 2, 3, 4, 5, 6, 7, 8, 9, 10, 11, 12, 13, 14, 15, 16, 17, 18, 19, 20, 21]","[16, 8, 16, 8, 16, 8, 16, 8, 16, 8, 16, 8, 16, 8, 16, 8, 16, 8, 16, 8, 16, 8]","[4, 2, 4, 2, 4, 2, 4, 2, 4, 2, 4, 2, 4, 2, 4, 2, 4, 2, 4, 2, 4, 2]",True
23,256,"[0, 1, 2, 3, 4, 5, 6, 7, 8, 9, 10, 11, 12, 13, 14, 15, 16, 17, 18, 19, 20, 21, 22]","[8, 8, 12, 12, 8, 8, 12, 12, 8, 8, 12, 12, 8, 8, 12, 12, 8, 8, 12, 12, 8, 8, 12]","[2, 2, 3, 3, 2, 2, 3, 3, 2, 2, 3, 3, 2, 2, 3, 3, 2, 2, 3, 3, 2, 2, 3]",True
24,512,"[0, 1, 2, 3, 4, 5, 6, 7, 8, 9, 10, 11, 12, 13, 14, 15, 16, 17, 18, 19, 20, 21, 22, 23]","[12, 16, 12, 16, 12, 16, 12, 16, 12, 16, 12, 16, 12, 16, 12, 16, 12, 16, 12, 16, 12, 16, 12, 16]","[3, 4, 3, 4, 3, 4, 3, 4, 3, 4, 3, 4, 3, 4, 3, 4, 3, 4, 3, 4, 3, 4, 3, 4]",True
22,256,"[0, 1, 2, 3, 4, 5, 6, 7, 8, 9, 10, 11, 12, 13, 14, 15, 16, 17, 18, 19, 20, 21]","[8, 8, 8, 8, 12, 12, 12, 12, 8, 8, 8, 8, 12, 12, 12, 12, 8, 8, 8, 8, 12, 12]","[2, 2, 2, 2, 3, 3, 3, 3, 2, 2, 2, 2, 3, 3, 3, 3, 2, 2, 2, 2, 3, 3]",True
23,512,"[0, 1, 2, 3, 4, 5, 6, 7, 8, 9, 10, 11, 12, 13, 14, 15, 16, 17, 18, 19, 20, 21, 22]","[12, 12, 12, 12, 12, 12, 12, 12, 12, 12, 12, 12, 12, 12, 12, 12, 12, 12, 12, 12, 12, 12, 12]","[3, 3, 3, 3, 3, 3, 3, 3, 3, 3, 3, 3, 2, 2, 2, 2, 2, 2, 2, 2, 2, 2, 2]",False
22,1024,"[0, 1, 2, 3, 4, 5, 6, 7, 8, 9, 10, 11, 12, 13, 14, 15, 16, 17, 18, 19, 20, 21]","[16, 16, 12, 12, 16, 16, 12, 12, 16, 16, 12, 12, 16, 16, 12, 12, 16, 16, 12, 12, 16, 16]","[4, 4, 3, 3, 4, 4, 3, 3, 4, 4, 3, 3, 4, 4, 3, 3, 4, 4, 3, 3, 4, 4]",True
24,256,"[0, 1, 2, 3, 4, 5, 6, 7, 8, 9, 10, 11, 12, 13, 14, 15, 16, 17, 18, 19, 20, 21, 22, 23]","[8, 8, 8, 12, 8, 8, 8, 12, 8, 8, 8, 12, 8, 8, 8, 12, 8, 8, 8, 12, 8, 8, 8, 12]","[2, 2, 2, 3, 2, 2, 2, 3, 2, 2, 2, 3, 2, 2, 2, 3, 2, 2, 2, 3, 2, 2, 2, 3]",False
24,512,"[0, 1, 2, 3, 4, 5, 6, 7, 8, 9, 10, 11, 12, 13, 14, 15, 16, 17, 18, 19, 20, 21, 22, 23]","[12, 12, 16, 16, 8, 8, 12, 12, 16, 16, 8, 8, 12, 12, 16, 16, 8, 8, 12, 12, 16, 16, 8, 8]","[3, 3, 4, 4, 2, 2, 3, 3, 4, 4, 2, 2, 3, 3, 4, 4, 2, 2, 3, 3, 4, 4, 2, 2]",True
23,256,"[0, 1, 2, 3, 4, 5, 6, 7, 8, 9, 10, 11, 12, 13, 14, 15, 16, 17, 18, 19, 20, 21, 22]","[8, 16, 8, 16, 8, 16, 8, 16, 8, 16, 8, 16, 8, 16, 8, 16, 8, 16, 8, 16, 8, 16, 8]","[2, 4, 2, 4, 2, 4, 2, 4, 2, 4, 2, 4, 2, 4, 2, 4, 2, 4, 2, 4, 2, 4, 2]",False
22,1024,"[0, 1, 2, 3, 4, 5, 6, 7, 8, 9, 10, 11, 12, 13, 14, 15, 16, 17, 18, 19, 20, 21]","[16, 8, 16, 8, 12, 12, 16, 8, 16, 8, 12, 12, 16, 8, 16, 8, 12, 12, 16, 8, 16, 8]","[4, 2, 4, 2, 3, 3, 4, 2, 4, 2, 3, 3, 4, 2, 4, 2, 3, 3, 4, 2, 4, 2]",True
23,1024,"[0, 1, 2, 3, 4, 5, 6, 7, 8, 9, 10, 11, 12, 13, 14, 15, 16, 17, 18, 19, 20, 21, 22]","[16, 12, 16, 12, 16, 12, 16, 12, 16, 12, 16, 12, 16, 12, 16, 12, 16, 12, 16, 12, 16, 12, 16]","[4, 3, 4, 3, 4, 3, 4, 3, 4, 3, 4, 3, 4, 3, 4, 3, 4, 3, 4, 3, 4, 3, 4]",False
22,512,"[0, 1, 2, 3, 4, 5, 6, 7, 8, 9, 10, 11, 12, 13, 14, 15, 16, 17, 18, 19, 20, 21]","[12, 12, 12, 8, 12, 12, 12, 8, 12, 12, 12, 8, 12, 12, 12, 8, 12, 12, 12, 8, 12, 12]","[3, 3, 3, 2, 3, 3, 3, 2, 3, 3, 3, 2, 3, 3, 3, 2, 3, 3, 3, 2, 3, 3]",True
24,256,"[0, 1, 2, 3, 4, 5, 6, 7, 8, 9, 10, 11, 12, 13, 14, 15, 16, 17, 18, 19, 20, 21, 22, 23]","[8, 8, 12, 12, 8, 8, 12, 12, 8, 8, 12, 12, 8, 8, 12, 12, 8, 8, 12, 12, 8, 8, 12, 12]","[2, 2, 3, 3, 2, 2, 3, 3, 2, 2, 3, 3, 2, 2, 3, 3, 2, 2, 3, 3, 2, 2, 3, 3]",True
23,1024,"[0, 1, 2, 3, 4, 5, 6, 7, 8, 9, 10, 11, 12, 13, 14, 15, 16, 17, 18, 19, 20, 21, 22]","[16, 12, 16, 12, 16, 12, 16, 12, 16, 12, 16, 12, 16, 12, 16, 12, 16, 12, 16, 12, 16, 12, 16]","[4, 3, 4, 3, 4, 3, 4, 3, 4, 3, 4, 3, 4, 3, 4, 3, 4, 3, 4, 3, 4, 3, 4]",True
22,512,"[0, 1, 2, 3, 4, 5, 6, 7, 8, 9, 10, 11, 12, 13, 14, 15, 16, 17, 18, 19, 20, 21]","[12, 12, 8, 8, 12, 12, 8, 8, 12, 12, 8, 8, 12, 12, 8, 8, 12, 12, 8, 8, 12, 12]","[3, 3, 2, 2, 3, 3, 2, 2, 3, 3, 2, 2, 3, 3, 2, 2, 3, 3, 2, 2, 3, 3]",False
24,256,"[0, 1, 2, 3, 4, 5, 6, 7, 8, 9, 10, 11, 12, 13, 14, 15, 16, 17, 18, 19, 20, 21, 22, 23]","[8, 12, 8, 12, 8, 12, 8, 12, 8, 12, 8, 12, 8, 12, 8, 12, 8, 12, 8, 12, 8, 12, 8, 12]","[2, 3, 2, 3, 2, 3, 2, 3, 2, 3, 2, 3, 2, 3, 2, 3, 2, 3, 2, 3, 2, 3, 2, 3]",True
24,1024,"[0, 1, 2, 3, 4, 5, 6, 7, 8, 9, 10, 11, 12, 13, 14, 15, 16, 17, 18, 19, 20, 21, 22, 23]","[16, 16, 16, 16, 16, 16, 16, 16, 16, 16, 16, 16, 16, 16, 16, 16, 16, 16, 16, 16, 16, 16, 16, 16]","[4, 4, 4, 4, 4, 4, 4, 4, 4, 3, 3, 3, 3, 3, 3, 3, 3, 4, 4, 4, 4, 4, 4, 4]",False
23,1024,"[0, 1, 2, 3, 4, 5, 6, 7, 8, 9, 10, 11, 12, 13, 14, 15, 16, 17, 18, 19, 20, 21, 22]","[16, 12, 16, 12, 8, 16, 12, 8, 16, 12, 8, 16, 12, 8, 16, 12, 8, 16, 12, 8, 16, 12, 8]","[4, 3, 4, 3, 2, 4, 3, 2, 4, 3, 2, 4, 3, 2, 4, 3, 2, 4, 3, 2, 4, 3, 2]",False
22,512,"[0, 1, 2, 3, 4, 5, 6, 7, 8, 9, 10, 11, 12, 13, 14, 15, 16, 17, 18, 19, 20, 21]","[8, 12, 16, 8, 12, 16, 8, 12, 16, 8, 12, 16, 8, 12, 16, 8, 12, 16, 8, 12, 16, 8]","[2, 3, 4, 2, 3, 4, 2, 3, 4, 2, 3, 4, 2, 3, 4, 2, 3, 4, 2, 3, 4, 2]",False
23,512,"[0, 1, 2, 3, 4, 5, 6, 7, 8, 9, 10, 11, 12, 13, 14, 15, 16, 17, 18, 19, 20, 21, 22]","[12, 12, 12, 12, 12, 12, 12, 12, 12, 12, 12, 12, 12, 12, 12, 12, 12, 12, 12, 12, 12, 12, 12]","[3, 3, 3, 3, 2, 2, 2, 3, 3, 3, 3, 2, 2, 2, 3, 3, 3, 3, 2, 2, 2, 3, 3]",True
24,256,"[0, 1, 2, 3, 4, 5, 6, 7, 8, 9, 10, 11, 12, 13, 14, 15, 16, 17, 18, 19, 20, 21, 22, 23]","[8, 8, 12, 8, 8, 12, 8, 8, 12, 8, 8, 12, 8, 8, 12, 8, 8, 12, 8, 8, 12, 8, 8, 12]","[2, 2, 3, 2, 2, 3, 2, 2, 3, 2, 2, 3, 2, 2, 3, 2, 2, 3, 2, 2, 3, 2, 2, 3]",False
23,512,"[0, 1, 2, 3, 4, 5, 6, 7, 8, 9, 10, 11, 12, 13, 14, 15, 16, 17, 18, 19, 20, 21, 22]","[12, 12, 12, 8, 12, 8, 12, 8, 12, 8, 12, 8, 12, 8, 12, 8, 12, 8, 12, 8, 12, 8, 12]","[3, 3, 3, 2, 3, 2, 3, 2, 3, 2, 3, 2, 3, 2, 3, 2, 3, 2, 3, 2, 3, 2, 3]",True
22,1024,"[0, 1, 2, 3, 4, 5, 6, 7, 8, 9, 10, 11, 12, 13, 14, 15, 16, 17, 18, 19, 20, 21]","[16, 16, 12, 12, 16, 16, 12, 12, 8, 8, 8, 8, 8, 8, 8, 8, 12, 12, 12, 12, 16, 16]","[4, 4, 3, 3, 4, 4, 3, 3, 2, 2, 2, 2, 2, 2, 2, 2, 3, 3, 3, 3, 4, 4]",False
24,256,"[0, 1, 2, 3, 4, 5, 6, 7, 8, 9, 10, 11, 12, 13, 14, 15, 16, 17, 18, 19, 20, 21, 22, 23]","[8, 8, 12, 16, 8, 8, 12, 16, 8, 8, 12, 16, 8, 8, 12, 16, 8, 8, 12, 16, 8, 8, 12, 16]","[2, 2, 3, 4, 2, 2, 3, 4, 2, 2, 3, 4, 2, 2, 3, 4, 2, 2, 3, 4, 2, 2, 3, 4]",True
24,512,"[0, 1, 2, 3, 4, 5, 6, 7, 8, 9, 10, 11, 12, 13, 14, 15, 16, 17, 18, 19, 20, 21, 22, 23]","[12, 8, 12, 8, 12, 8, 12, 8, 12, 8, 12, 8, 12, 8, 12, 8, 12, 8, 12, 8, 12, 8, 12, 8]","[3, 2, 3, 2, 3, 2, 3, 2, 3, 2, 3, 2, 3, 2, 3, 2, 3, 2, 3, 2, 3, 2, 3, 2]",True
23,512,"[0, 1, 2, 3, 4, 5, 6, 7, 8, 9, 10, 11, 12, 13, 14, 15, 16, 17, 18, 19, 20, 21, 22]","[12, 12, 12, 12, 8, 8, 8, 8, 12, 12, 12, 12, 8, 8, 8, 8, 12, 12, 12, 12, 8, 8, 8]","[3, 3, 3, 3, 2, 2, 2, 2, 3, 3, 3, 3, 2, 2, 2, 2, 3, 3, 3, 3, 2, 2, 2]",True
22,1024,"[0, 1, 2, 3, 4, 5, 6, 7, 8, 9, 10, 11, 12, 13, 14, 15, 16, 17, 18, 19, 20, 21]","[16, 16, 12, 12, 16, 16, 12, 12, 16, 16, 12, 12, 16, 16, 12, 12, 8, 8, 8, 8, 8, 8]","[4, 4, 3, 3, 4, 4, 3, 3, 4, 4, 3, 3, 4, 4, 3, 3, 2, 2, 2, 2, 2, 2]",True
24,512,"[0, 1, 2, 3, 4, 5, 6, 7, 8, 9, 10, 11, 12, 13, 14, 15, 16, 17, 18, 19, 20, 21, 22, 23]","[12, 8, 12, 8, 12, 8, 12, 8, 12, 8, 12, 8, 12, 8, 12, 8, 12, 8, 12, 8, 12, 8, 12, 8]","[3, 2, 3, 2, 3, 2, 3, 2, 3, 2, 3, 2, 3, 2, 3, 2, 3, 2, 3, 2, 3, 2, 3, 2]",False
23,1024,"[0, 1, 2, 3, 4, 5, 6, 7, 8, 9, 10, 11, 12, 13, 14, 15, 16, 17, 18, 19, 20, 21, 22]","[16, 16, 12, 12, 8, 8, 16, 16, 12, 12, 8, 8, 16, 16, 12, 12, 8, 8, 16, 16, 12, 12, 8]","[4, 4, 3, 3, 2, 2, 4, 4, 3, 3, 2, 2, 4, 4, 3, 3, 2, 2, 4, 4, 3, 3, 2]",True
22,256,"[0, 1, 2, 3, 4, 5, 6, 7, 8, 9, 10, 11, 12, 13, 14, 15, 16, 17, 18, 19, 20, 21]","[8, 12, 16, 8, 12, 16, 8, 12, 16, 8, 12, 16, 8, 12, 16, 8, 12, 16, 8, 12, 16, 8]","[2, 3, 4, 2, 3, 4, 2, 3, 4, 2, 3, 4, 2, 3, 4, 2, 3, 4, 2, 3, 4, 2]",False
22,1024,"[0, 1, 2, 3, 4, 5, 6, 7, 8, 9, 10, 11, 12, 13, 14, 15, 16, 17, 18, 19, 20, 21]","[16, 16, 16, 12, 12, 12, 16, 16, 16, 12, 12, 12, 16, 16, 16, 12, 12, 12, 16, 16, 16, 12]","[4, 4, 4, 3, 3, 3, 4, 4, 4, 3, 3, 3, 4, 4, 4, 3, 3, 3, 4, 4, 4, 3]",False
22,1024,"[0, 1, 2, 3, 4, 5, 6, 7, 8, 9, 10, 11, 12, 13, 14, 15, 16, 17, 18, 19, 20, 21]","[16, 16, 16, 16, 16, 16, 16, 16, 16, 16, 16, 16, 16, 16, 16, 16, 16, 16, 16, 16, 16, 16]","[4, 4, 4, 4, 4, 4, 4, 4, 4, 4, 4, 4, 4, 4, 4, 4, 4, 4, 4, 4, 4, 4]",True
24,1024,"[0, 1, 2, 3, 4, 5, 6, 7, 8, 9, 10, 11, 12, 13, 14, 15, 16, 17, 18, 19, 20, 21, 22, 23]","[16, 16, 16, 16, 16, 16, 16, 16, 16, 16, 16, 16, 16, 16, 16, 16, 16, 16, 16, 16, 16, 16, 16, 16]","[4, 4, 4, 4, 4, 4, 4, 4, 4, 4, 4, 4, 4, 4, 4, 4, 4, 4, 4, 4, 4, 4, 4, 4]",False
23,256,"[0, 1, 2, 3, 4, 5, 6, 7, 8, 9, 10, 11, 12, 13, 14, 15, 16, 17, 18, 19, 20, 21, 22]","[8, 8, 8, 12, 8, 8, 8, 12, 8, 8, 8, 12, 8, 8, 8, 12, 8, 8, 8, 12, 8, 8, 8]","[2, 2, 2, 3, 2, 2, 2, 3, 2, 2, 2, 3, 2, 2, 2, 3, 2, 2, 2, 3, 2, 2, 2]",False
22,1024,"[0, 1, 2, 3, 4, 5, 6, 7, 8, 9, 10, 11, 12, 13, 14, 15, 16, 17, 18, 19, 20, 21]","[16, 16, 16, 16, 8, 8, 8, 8, 16, 16, 16, 16, 8, 8, 8, 8, 16, 16, 16, 16, 8, 8]","[4, 4, 4, 4, 2, 2, 2, 2, 4, 4, 4, 4, 2, 2, 2, 2, 4, 4, 4, 4, 2, 2]",False
24,512,"[0, 1, 2, 3, 4, 5, 6, 7, 8, 9, 10, 11, 12, 13, 14, 15, 16, 17, 18, 19, 20, 21, 22, 23]","[12, 12, 12, 16, 12, 12, 12, 16, 12, 12, 12, 16, 12, 12, 12, 16, 12, 12, 12, 16, 12, 12, 12, 16]","[3, 3, 3, 4, 3, 3, 3, 4, 3, 3, 3, 4, 3, 3, 3, 4, 3, 3, 3, 4, 3, 3, 3, 4]",False
24,256,"[0, 1, 2, 3, 4, 5, 6, 7, 8, 9, 10, 11, 12, 13, 14, 15, 16, 17, 18, 19, 20, 21, 22, 23]","[12, 8, 16, 12, 8, 16, 12, 8, 16, 12, 8, 16, 12, 8, 16, 12, 8, 16, 12, 8, 16, 12, 8, 16]","[3, 2, 4, 3, 2, 4, 3, 2, 4, 3, 2, 4, 3, 2, 4, 3, 2, 4, 3, 2, 4, 3, 2, 4]",False
22,1024,"[0, 1, 2, 3, 4, 5, 6, 7, 8, 9, 10, 11, 12, 13, 14, 15, 16, 17, 18, 19, 20, 21]","[8, 12, 16, 8, 12, 16, 8, 12, 16, 8, 12, 16, 8, 12, 16, 8, 12, 16, 8, 12, 16, 8]","[2, 3, 4, 2, 3, 4, 2, 3, 4, 2, 3, 4, 2, 3, 4, 2, 3, 4, 2, 3, 4, 2]",False
23,1024,"[0, 1, 2, 3, 4, 5, 6, 7, 8, 9, 10, 11, 12, 13, 14, 15, 16, 17, 18, 19, 20, 21, 22]","[12, 16, 12, 16, 12, 16, 12, 16, 12, 16, 12, 16, 12, 16, 12, 16, 12, 16, 12, 16, 12, 16, 12]","[3, 4, 3, 4, 3, 4, 3, 4, 3, 4, 3, 4, 3, 4, 3, 4, 3, 4, 3, 4, 3, 4, 3]",False
22,512,"[0, 1, 2, 3, 4, 5, 6, 7, 8, 9, 10, 11, 12, 13, 14, 15, 16, 17, 18, 19, 20, 21]","[12, 8, 16, 12, 8, 16, 12, 8, 16, 12, 8, 16, 12, 8, 16, 12, 8, 16, 12, 8, 16, 12]","[3, 2, 4, 3, 2, 4, 3, 2, 4, 3, 2, 4, 3, 2, 4, 3, 2, 4, 3, 2, 4, 3]",False
23,256,"[0, 1, 2, 3, 4, 5, 6, 7, 8, 9, 10, 11, 12, 13, 14, 15, 16, 17, 18, 19, 20, 21, 22]","[8, 8, 8, 16, 8, 8, 8, 16, 8, 8, 8, 16, 8, 8, 8, 16, 8, 8, 8, 16, 8, 8, 8]","[2, 2, 2, 4, 2, 2, 2, 4, 2, 2, 2, 4, 2, 2, 2, 4, 2, 2, 2, 4, 2, 2, 2]",False
22,512,"[0, 1, 2, 3, 4, 5, 6, 7, 8, 9, 10, 11, 12, 13, 14, 15, 16, 17, 18, 19, 20, 21]","[12, 12, 12, 12, 12, 12, 12, 12, 12, 12, 12, 12, 12, 12, 12, 12, 12, 12, 12, 12, 12, 12]","[3, 3, 3, 3, 3, 3, 3, 3, 3, 3, 3, 3, 3, 3, 3, 3, 3, 3, 3, 3, 3, 3]",True
23,256,"[0, 1, 2, 3, 4, 5, 6, 7, 8, 9, 10, 11, 12, 13, 14, 15, 16, 17, 18, 19, 20, 21, 22]","[8, 8, 12, 16, 8, 8, 12, 16, 8, 8, 12, 16, 8, 8, 12, 16, 8, 8, 12, 16, 8, 8, 12]","[2, 2, 3, 4, 2, 2, 3, 4, 2, 2, 3, 4, 2, 2, 3, 4, 2, 2, 3, 4, 2, 2, 3]",True
22,1024,"[0, 1, 2, 3, 4, 5, 6, 7, 8, 9, 10, 11, 12, 13, 14, 15, 16, 17, 18, 19, 20, 21]","[16, 8, 16, 8, 16, 8, 16, 8, 16, 8, 16, 8, 16, 8, 16, 8, 16, 8, 16, 8, 16, 8]","[4, 2, 4, 2, 4, 2, 4, 2, 4, 2, 4, 2, 4, 2, 4, 2, 4, 2, 4, 2, 4, 2]",False
23,256,"[0, 1, 2, 3, 4, 5, 6, 7, 8, 9, 10, 11, 12, 13, 14, 15, 16, 17, 18, 19, 20, 21, 22]","[8, 12, 8, 12, 8, 12, 8, 12, 8, 12, 8, 12, 8, 12, 8, 12, 8, 12, 8, 12, 8, 12, 8]","[2, 3, 2, 3, 2, 3, 2, 3, 2, 3, 2, 3, 2, 3, 2, 3, 2, 3, 2, 3, 2, 3, 2]",False
22,1024,"[0, 1, 2, 3, 4, 5, 6, 7, 8, 9, 10, 11, 12, 13, 14, 15, 16, 17, 18, 19, 20, 21]","[8, 8, 8, 8, 12, 12, 12, 12, 16, 16, 16, 16, 8, 8, 8, 8, 12, 12, 12, 12, 16, 16]","[2, 2, 2, 2, 3, 3, 3, 3, 4, 4, 4, 4, 2, 2, 2, 2, 3, 3, 3, 3, 4, 4]",False
23,1024,"[0, 1, 2, 3, 4, 5, 6, 7, 8, 9, 10, 11, 12, 13, 14, 15, 16, 17, 18, 19, 20, 21, 22]","[12, 12, 12, 12, 12, 12, 12, 12, 12, 12, 12, 12, 12, 12, 12, 12, 12, 12, 12, 12, 12, 12, 12]","[3, 3, 3, 3, 3, 3, 3, 3, 3, 3, 3, 3, 3, 3, 3, 3, 3, 3, 3, 3, 3, 3, 3]",True
22,256,"[0, 1, 2, 3, 4, 5, 6, 7, 8, 9, 10, 11, 12, 13, 14, 15, 16, 17, 18, 19, 20, 21]","[12, 8, 12, 8, 12, 8, 12, 8, 12, 8, 12, 8, 12, 8, 12, 8, 12, 8, 12, 8, 12, 8]","[3, 2, 3, 2, 3, 2, 3, 2, 3, 2, 3, 2, 3, 2, 3, 2, 3, 2, 3, 2, 3, 2]",False
23,1024,"[0, 1, 2, 3, 4, 5, 6, 7, 8, 9, 10, 11, 12, 13, 14, 15, 16, 17, 18, 19, 20, 21, 22]","[16, 12, 8, 16, 12, 8, 16, 12, 8, 16, 12, 8, 16, 12, 8, 16, 12, 8, 16, 12, 8, 16, 12]","[4, 3, 2, 4, 3, 2, 4, 3, 2, 4, 3, 2, 4, 3, 2, 4, 3, 2, 4, 3, 2, 4, 3]",False
22,512,"[0, 1, 2, 3, 4, 5, 6, 7, 8, 9, 10, 11, 12, 13, 14, 15, 16, 17, 18, 19, 20, 21]","[8, 16, 8, 16, 8, 16, 8, 16, 8, 16, 8, 16, 8, 16, 8, 16, 8, 16, 8, 16, 8, 16]","[2, 4, 2, 4, 2, 4, 2, 4, 2, 4, 2, 4, 2, 4, 2, 4, 2, 4, 2, 4, 2, 4]",True
22,1024,"[0, 1, 2, 3, 4, 5, 6, 7, 8, 9, 10, 11, 12, 13, 14, 15, 16, 17, 18, 19, 20, 21]","[12, 12, 12, 16, 12, 12, 12, 16, 12, 12, 12, 16, 12, 12, 12, 16, 12, 12, 12, 16, 12, 12]","[3, 3, 3, 4, 3, 3, 3, 4, 3, 3, 3, 4, 3, 3, 3, 4, 3, 3, 3, 4, 3, 3]",False
22,256,"[0, 1, 2, 3, 4, 5, 6, 7, 8, 9, 10, 11, 12, 13, 14, 15, 16, 17, 18, 19, 20, 21]","[8, 8, 12, 16, 8, 8, 12, 16, 8, 8, 12, 16, 8, 8, 12, 16, 8, 8, 12, 16, 8, 8]","[2, 2, 3, 4, 2, 2, 3, 4, 2, 2, 3, 4, 2, 2, 3, 4, 2, 2, 3, 4, 2, 2]",False
22,1024,"[0, 1, 2, 3, 4, 5, 6, 7, 8, 9, 10, 11, 12, 13, 14, 15, 16, 17, 18, 19, 20, 21]","[8, 8, 8, 8, 12, 12, 12, 12, 16, 16, 16, 16, 8, 8, 8, 8, 12, 12, 12, 12, 16, 16]","[2, 2, 2, 2, 3, 3, 3, 3, 4, 4, 4, 4, 2, 2, 2, 2, 3, 3, 3, 3, 4, 4]",False
24,256,"[0, 1, 2, 3, 4, 5, 6, 7, 8, 9, 10, 11, 12, 13, 14, 15, 16, 17, 18, 19, 20, 21, 22, 23]","[8, 12, 16, 8, 12, 16, 8, 12, 16, 8, 12, 16, 8, 12, 16, 8, 12, 16, 8, 12, 16, 8, 12, 16]","[2, 3, 4, 2, 3, 4, 2, 3, 4, 2, 3, 4, 2, 3, 4, 2, 3, 4, 2, 3, 4, 2, 3, 4]",False
22,512,"[0, 1, 2, 3, 4, 5, 6, 7, 8, 9, 10, 11, 12, 13, 14, 15, 16, 17, 18, 19, 20, 21]","[8, 12, 16, 8, 12, 16, 8, 12, 16, 8, 12, 16, 8, 12, 16, 8, 12, 16, 8, 12, 16, 8]","[2, 3, 4, 2, 3, 4, 2, 3, 4, 2, 3, 4, 2, 3, 4, 2, 3, 4, 2, 3, 4, 2]",False
22,1024,"[0, 1, 2, 3, 4, 5, 6, 7, 8, 9, 10, 11, 12, 13, 14, 15, 16, 17, 18, 19, 20, 21]","[16, 16, 12, 8, 16, 16, 12, 8, 16, 16, 12, 8, 16, 16, 12, 8, 16, 16, 12, 8, 16, 16]","[4, 4, 3, 2, 4, 4, 3, 2, 4, 4, 3, 2, 4, 4, 3, 2, 4, 4, 3, 2, 4, 4]",False
22,256,"[0, 1, 2, 3, 4, 5, 6, 7, 8, 9, 10, 11, 12, 13, 14, 15, 16, 17, 18, 19, 20, 21]","[8, 12, 16, 8, 12, 16, 8, 12, 16, 8, 12, 16, 8, 12, 16, 8, 12, 16, 8, 12, 16, 8]","[2, 3, 4, 2, 3, 4, 2, 3, 4, 2, 3, 4, 2, 3, 4, 2, 3, 4, 2, 3, 4, 2]",True
23,512,"[0, 1, 2, 3, 4, 5, 6, 7, 8, 9, 10, 11, 12, 13, 14, 15, 16, 17, 18, 19, 20, 21, 22]","[12, 12, 12, 12, 12, 12, 12, 12, 12, 12, 12, 12, 12, 12, 12, 12, 12, 12, 12, 12, 12, 12, 12]","[3, 3, 3, 3, 3, 3, 3, 3, 2, 2, 2, 2, 3, 3, 3, 3, 2, 2, 2, 3, 3, 3, 3]",True
22,1024,"[0, 1, 2, 3, 4, 5, 6, 7, 8, 9, 10, 11, 12, 13, 14, 15, 16, 17, 18, 19, 20, 21]","[16, 16, 16, 12, 12, 12, 16, 16, 16, 12, 12, 12, 16, 16, 16, 12, 12, 12, 16, 16, 16, 12]","[4, 4, 4, 3, 3, 3, 4, 4, 4, 3, 3, 3, 4, 4, 4, 3, 3, 3, 4, 4, 4, 3]",True
22,512,"[0, 1, 2, 3, 4, 5, 6, 7, 8, 9, 10, 11, 12, 13, 14, 15, 16, 17, 18, 19, 20, 21]","[12, 16, 8, 12, 16, 8, 12, 16, 8, 12, 16, 8, 12, 16, 8, 12, 16, 8, 12, 16, 8, 12]","[3, 4, 2, 3, 4, 2, 3, 4, 2, 3, 4, 2, 3, 4, 2, 3, 4, 2, 3, 4, 2, 3]",False
23,256,"[0, 1, 2, 3, 4, 5, 6, 7, 8, 9, 10, 11, 12, 13, 14, 15, 16, 17, 18, 19, 20, 21, 22]","[8, 8, 8, 8, 12, 12, 12, 12, 8, 8, 8, 8, 12, 12, 12, 12, 8, 8, 8, 8, 12, 12, 12]","[2, 2, 2, 2, 3, 3, 3, 3, 2, 2, 2, 2, 3, 3, 3, 3, 2, 2, 2, 2, 3, 3, 3]",False
22,512,"[0, 1, 2, 3, 4, 5, 6, 7, 8, 9, 10, 11, 12, 13, 14, 15, 16, 17, 18, 19, 20, 21]","[12, 8, 12, 8, 12, 8, 12, 8, 12, 8, 12, 8, 12, 8, 12, 8, 12, 8, 12, 8, 12, 8]","[3, 2, 3, 2, 3, 2, 3, 2, 3, 2, 3, 2, 3, 2, 3, 2, 3, 2, 3, 2, 3, 2]",True
24,1024,"[0, 1, 2, 3, 4, 5, 6, 7, 8, 9, 10, 11, 12, 13, 14, 15, 16, 17, 18, 19, 20, 21, 22, 23]","[16, 16, 16, 12, 12, 12, 16, 16, 16, 12, 12, 12, 16, 16, 16, 12, 12, 12, 16, 16, 16, 12, 12, 12]","[4, 4, 4, 3, 3, 3, 4, 4, 4, 3, 3, 3, 4, 4, 4, 3, 3, 3, 4, 4, 4, 3, 3, 3]",False
22,512,"[0, 1, 2, 3, 4, 5, 6, 7, 8, 9, 10, 11, 12, 13, 14, 15, 16, 17, 18, 19, 20, 21]","[8, 12, 16, 8, 12, 16, 8, 12, 16, 8, 12, 16, 8, 12, 16, 8, 12, 16, 8, 12, 16, 8]","[2, 3, 4, 2, 3, 4, 2, 3, 4, 2, 3, 4, 2, 3, 4, 2, 3, 4, 2, 3, 4, 2]",True
22,512,"[0, 1, 2, 3, 4, 5, 6, 7, 8, 9, 10, 11, 12, 13, 14, 15, 16, 17, 18, 19, 20, 21]","[8, 8, 8, 12, 8, 8, 8, 12, 8, 8, 8, 12, 8, 8, 8, 12, 8, 8, 8, 12, 8, 8]","[2, 2, 2, 3, 2, 2, 2, 3, 2, 2, 2, 3, 2, 2, 2, 3, 2, 2, 2, 3, 2, 2]",True
23,256,"[0, 1, 2, 3, 4, 5, 6, 7, 8, 9, 10, 11, 12, 13, 14, 15, 16, 17, 18, 19, 20, 21, 22]","[8, 8, 16, 8, 8, 16, 8, 8, 16, 8, 8, 16, 8, 8, 16, 8, 8, 16, 8, 8, 16, 8, 8]","[2, 2, 4, 2, 2, 4, 2, 2, 4, 2, 2, 4, 2, 2, 4, 2, 2, 4, 2, 2, 4, 2, 2]",False
22,1024,"[0, 1, 2, 3, 4, 5, 6, 7, 8, 9, 10, 11, 12, 13, 14, 15, 16, 17, 18, 19, 20, 21]","[16, 12, 8, 16, 12, 8, 16, 12, 8, 16, 12, 8, 16, 12, 8, 16, 12, 8, 16, 12, 8, 16]","[4, 3, 2, 4, 3, 2, 4, 3, 2, 4, 3, 2, 4, 3, 2, 4, 3, 2, 4, 3, 2, 4]",True
23,256,"[0, 1, 2, 3, 4, 5, 6, 7, 8, 9, 10, 11, 12, 13, 14, 15, 16, 17, 18, 19, 20, 21, 22]","[8, 12, 16, 8, 12, 16, 8, 12, 16, 8, 12, 16, 8, 12, 16, 8, 12, 16, 8, 12, 16, 8, 8]","[2, 3, 4, 2, 3, 4, 2, 3, 4, 2, 3, 4, 2, 3, 4, 2, 3, 4, 2, 3, 4, 2, 2]",False
23,256,"[0, 1, 2, 3, 4, 5, 6, 7, 8, 9, 10, 11, 12, 13, 14, 15, 16, 17, 18, 19, 20, 21, 22]","[8, 8, 8, 8, 8, 8, 8, 8, 12, 12, 12, 12, 8, 8, 8, 8, 8, 8, 8, 8, 12, 12, 12]","[2, 2, 2, 2, 2, 2, 2, 2, 3, 3, 3, 3, 2, 2, 2, 2, 2, 2, 2, 2, 3, 3, 3]",False
22,512,"[0, 1, 2, 3, 4, 5, 6, 7, 8, 9, 10, 11, 12, 13, 14, 15, 16, 17, 18, 19, 20, 21]","[16, 12, 16, 12, 16, 12, 16, 12, 16, 12, 16, 12, 16, 12, 16, 12, 16, 12, 16, 12, 16, 12]","[4, 3, 4, 3, 4, 3, 4, 3, 4, 3, 4, 3, 4, 3, 4, 3, 4, 3, 4, 3, 4, 3]",True
23,1024,"[0, 1, 2, 3, 4, 5, 6, 7, 8, 9, 10, 11, 12, 13, 14, 15, 16, 17, 18, 19, 20, 21, 22]","[16, 16, 12, 8, 16, 16, 12, 8, 16, 16, 12, 8, 16, 16, 12, 8, 16, 16, 12, 8, 16, 16, 12]","[4, 4, 3, 2, 4, 4, 3, 2, 4, 4, 3, 2, 4, 4, 3, 2, 4, 4, 3, 2, 4, 4, 3]",False
24,256,"[0, 1, 2, 3, 4, 5, 6, 7, 8, 9, 10, 11, 12, 13, 14, 15, 16, 17, 18, 19, 20, 21, 22, 23]","[8, 12, 8, 12, 8, 12, 8, 12, 16, 16, 16, 16, 8, 12, 8, 12, 8, 12, 16, 16, 16, 16, 8, 12]","[2, 3, 2, 3, 2, 3, 2, 3, 4, 4, 4, 4, 2, 3, 2, 3, 2, 3, 4, 4, 4, 4, 2, 3]",False
22,512,"[0, 1, 2, 3, 4, 5, 6, 7, 8, 9, 10, 11, 12, 13, 14, 15, 16, 17, 18, 19, 20, 21]","[16, 12, 8, 16, 12, 8, 16, 12, 8, 16, 12, 8, 16, 12, 8, 16, 12, 8, 16, 12, 8, 16]","[4, 3, 2, 4, 3, 2, 4, 3, 2, 4, 3, 2, 4, 3, 2, 4, 3, 2, 4, 3, 2, 4]",True
22,256,"[0, 1, 2, 3, 4, 5, 6, 7, 8, 9, 10, 11, 12, 13, 14, 15, 16, 17, 18, 19, 20, 21]","[8, 12, 8, 12, 8, 12, 8, 12, 8, 12, 8, 12, 8, 12, 8, 12, 8, 12, 8, 12, 8, 12]","[2, 3, 2, 3, 2, 3, 2, 3, 2, 3, 2, 3, 2, 3, 2, 3, 2, 3, 2, 3, 2, 3]",False
23,1024,"[0, 1, 2, 3, 4, 5, 6, 7, 8, 9, 10, 11, 12, 13, 14, 15, 16, 17, 18, 19, 20, 21, 22]","[16, 16, 16, 16, 16, 16, 16, 16, 12, 12, 12, 12, 16, 16, 16, 16, 16, 16, 16, 16, 12, 12, 12]","[4, 4, 4, 4, 4, 4, 4, 4, 3, 3, 3, 3, 4, 4, 4, 4, 4, 4, 4, 4, 3, 3, 3]",True
23,256,"[0, 1, 2, 3, 4, 5, 6, 7, 8, 9, 10, 11, 12, 13, 14, 15, 16, 17, 18, 19, 20, 21, 22]","[8, 12, 16, 8, 12, 16, 8, 12, 16, 8, 12, 16, 8, 12, 16, 8, 12, 16, 8, 12, 16, 8, 12]","[2, 3, 4, 2, 3, 4, 2, 3, 4, 2, 3, 4, 2, 3, 4, 2, 3, 4, 2, 3, 4, 2, 3]",True
23,512,"[0, 1, 2, 3, 4, 5, 6, 7, 8, 9, 10, 11, 12, 13, 14, 15, 16, 17, 18, 19, 20, 21, 22]","[16, 16, 16, 12, 12, 12, 16, 16, 16, 12, 12, 12, 16, 16, 16, 12, 12, 12, 16, 16, 16, 12, 12]","[4, 4, 4, 3, 3, 3, 4, 4, 4, 3, 3, 3, 4, 4, 4, 3, 3, 3, 4, 4, 4, 3, 3]",True
23,256,"[0, 1, 2, 3, 4, 5, 6, 7, 8, 9, 10, 11, 12, 13, 14, 15, 16, 17, 18, 19, 20, 21, 22]","[12, 8, 12, 8, 12, 8, 12, 8, 12, 8, 12, 8, 12, 8, 12, 8, 12, 8, 12, 8, 12, 8, 12]","[3, 2, 3, 2, 3, 2, 3, 2, 3, 2, 3, 2, 3, 2, 3, 2, 3, 2, 3, 2, 3, 2, 3]",False
22,512,"[0, 1, 2, 3, 4, 5, 6, 7, 8, 9, 10, 11, 12, 13, 14, 15, 16, 17, 18, 19, 20, 21]","[16, 16, 16, 16, 16, 16, 16, 16, 16, 16, 16, 16, 12, 12, 12, 12, 12, 12, 12, 12, 12, 12]","[4, 4, 4, 4, 4, 4, 4, 4, 4, 4, 4, 4, 3, 3, 3, 3, 3, 3, 3, 3, 3, 3]",False
23,1024,"[0, 1, 2, 3, 4, 5, 6, 7, 8, 9, 10, 11, 12, 13, 14, 15, 16, 17, 18, 19, 20, 21, 22]","[12, 12, 12, 12, 12, 12, 12, 12, 12, 12, 12, 12, 12, 12, 12, 12, 12, 12, 12, 12, 12, 12, 12]","[3, 3, 3, 3, 3, 3, 3, 3, 3, 3, 3, 3, 3, 3, 3, 3, 3, 3, 3, 3, 3, 3, 3]",True
24,1024,"[0, 1, 2, 3, 4, 5, 6, 7, 8, 9, 10, 11, 12, 13, 14, 15, 16, 17, 18, 19, 20, 21, 22, 23]","[16, 16, 12, 12, 16, 16, 12, 12, 16, 16, 12, 12, 16, 16, 12, 12, 16, 16, 12, 12, 16, 16, 12, 12]","[4, 4, 3, 3, 4, 4, 3, 3, 4, 4, 3, 3, 4, 4, 3, 3, 4, 4, 3, 3, 4, 4, 3, 3]",True
22,1024,"[0, 1, 2, 3, 4, 5, 6, 7, 8, 9, 10, 11, 12, 13, 14, 15, 16, 17, 18, 19, 20, 21]","[12, 12, 12, 12, 16, 16, 16, 16, 12, 12, 12, 12, 16, 16, 16, 16, 12, 12, 12, 12, 16, 16]","[3, 3, 3, 3, 4, 4, 4, 4, 3, 3, 3, 3, 4, 4, 4, 4, 3, 3, 3, 3, 4, 4]",True
23,512,"[0, 1, 2, 3, 4, 5, 6, 7, 8, 9, 10, 11, 12, 13, 14, 15, 16, 17, 18, 19, 20, 21, 22]","[12, 12, 12, 12, 12, 12, 12, 12, 12, 12, 12, 12, 12, 12, 12, 12, 12, 12, 12, 12, 12, 12, 12]","[3, 3, 3, 3, 3, 3, 3, 3, 3, 2, 2, 2, 3, 3, 3, 3, 2, 2, 2, 3, 3, 3, 3]",True
